{
    "intents": [
      {
        "tag": "greeting",
        "patterns": [
          "hallo",
          "hai",
          "halo",
          "hei",
          "hi",
          "hy",
          "pagi",
          "morning",
          "siang",
          "afternoon",
          "sore",
          "malam",
          "bro",
          "sis",
          "kawan"
        ],
        "responses": [
          "Hai! Skripsibot di sini. Mau tau informasi tentang apa nih?",
          "Halo! Saya Skripsibot, salam kenal ya! Mau tau seputar mekanisme skripsi, kan?",
          "Helo! Ini Skripsibot. Lagi kepo tentang mekanisme skripsi ya?"
        ],
        "context_set": ""
      },
      {
        "tag": "goodbye",
        "patterns": [
          "Dah",
          "Dadah",
          "Bye",
          "Byee",
          "Goodbye",
          "Selamat tinggal",
          "Sampai jumpa",
          "See you"
        ],
        "responses": [
          "Bye!",
          "Dadahh!",
          "Good bye!",
          "Dahh, semoga harimu menyenangkan yaa!",
          "Sampai jumpa lagi!",
          "See u! Senang bisa membantu"
        ],
        "context_set": ""
      },
      {
        "tag": "terimakasih",
        "patterns": [
          "Thanks",
          "Thank you",
          "Terima kasih",
          "Makasih",
          "Terima kasih banyak"
        ],
        "responses": [
          "Dengan senang hati:)"
        ],
        "context_set": ""
      },
      {
        "tag": "pengertian_latar_belakang_masalah",
        "patterns": [
          "apa yang dimaksud dengan latar belakang?",
          "apa itu latar belakang",
          "latar belakang adalah",
          "latar belakang itu?"
        ],
        "responses": [
            "Latar belakang masalah berisi alasan atau argumentasi perlunya dilakukan penelitian. Latar belakang masalah dapat bersumber pada fenomena lapangan (penelitian terapan) maupun bersumber pada research gap (penelitian fundamental). Dalam bagian akhir ditulis dengan penegasan topik yang akan diteliti bukan judul penelitian."
        ],
        "context_set": ""
      },
      {
        "tag": "cara_latar_belakang_masalah",
        "patterns": [
          "bagaimana cara membuat latar belakang?",
          "beberapa hal yang terdapat pada latar belakang"
        ],
        "responses": [
          "Dengan cara mencakup keadaan yang diharapkan terjadi. Kondisi ideal ini biasa dituangkan pada bentuk visi dan misi yang ingin diraih. Lalu, Kondisi factual atau baku yang merupakan kondisi yang terjadi saat ini yang menceritakan situasi yang menjadi keresahan atau masalah, hingga menjadi dasar dilakukan nya suatu penelitan maupun kegiatan yang dilatarbelakangi. Selanjutnya, terdapat yang solusi merupakan saran singkat atau penawaran penyelesaian pada masalah yang dialami sebelum melangkah lebih lanjut ke pokok bahasan. "
        ],
        "context_set": ""
      },
      {
        "tag":"fenomena_gap",
        "patterns" : [
          "pengertian fenomena gap",
          "apa itu fenomena gap"
        ],
        "responses" : [
          "Fenomena gap adalah kesenjangan yang terjadi di antara teori dan fakta yang ada",
          "Fenomena gap merupakan perbedaan antara keadaan yang sebenarnya dengan yang diharapkan"
        ],
        "context_set": ""
      },
      {
        "tag":"research_gap",
        "patterns" : [
          "pengertian research gap",
          "apa itu research gap"
        ],
        "responses" : [
          "Research gap adalah kondisi yang menunjukkan adanya inkonsistensi antara hasil penelitian yang diformulasikan dengan data pendukung"
        ],
        "context_set": ""
      },
      {
        "tag": "pengertian_rumusan_masalah",
        "patterns": [
          "apa itu rumusan masalah?",
          "rumusan masalah adalah",
          "rumusan masalah yaitu",
          "apa yang dimaksud dengan rumusan masalah?"
        ],
        "responses": [
          "Rumusan masalah menjelaskan apa yang menjadi masalah dalam penelitian. Rumusan masalah merupakan intisari permasalahan yang akan diselesaikan dalam penelitian yang akan dilakukan. Hasil rumusan masalah mengarah pada pertanyaan penelitian. Rumusan masalah tidak dinyatakan dengan kalimat tanya, tetapi berupa kalimat pernyataan yang menunjukkan masalah penelitian."
        ],
        "context_set": ""
      },
      {
        "tag": "pengertian_tujuan_penelitian",
        "patterns": [
          "apa yang dimaksud dengan tujuan penelitian?",
          "apa itu tujuan penelitian",
          "tujuan penelitian adalah"
        ],
        "responses": [
          "Tujuan penelitian dapat berupa perbandingan metode, pengujian teori, atau pengevaluasian suatu program/sistem/metode ataupun yang lainnya. Tujuan penelitian dituangkan dalam bentuk kalimat pernyataan. Tujuan penelitian harus konsisten dengan latar belakang dan isi rumusan masalah."
        ],
        "context_set": ""
      },
      {
        "tag": "ruang_lingkup_penelitian",
        "patterns": [
          "apa yang dimaksud dengan ruang lingkup penelitian?",
          "apa itu ruang lingkup penelitian",
          "ruang lingkup penelitian adalah"
        ],
        "responses": [
          "Ruang lingkup yaitu penelitian yang memuat asumsi-asumsi untuk digunakan dalam penelitian dan merupakan penegasan dari batasan masalah. Pada bagian ini, variabel dan indikator penelitian harus dijabarkan secara spesifik."
        ],
        "context_set": ""
      },
      {
        "tag": "cara_ruang_lingkup_penelitian",
        "patterns": [
          "bagaimana cara menentukan ruang lingkup penelitian?",
          "cara menentukan ruang lingkup",
          "Langkah-langkah menentukan ruang lingkup"
        ],
        "responses": [
          "1. Batasan Masalah 2. Sesuaikan Dengan Keberadaan Data Penelitian 3. Memahami Penelitian 4. Masalah yang Diambil Mempunyai Urgensi dan Daya Tarik"
        ],
        "context_set": ""
       },
        {
            "tag": "manfaat_penelitian",
            "patterns": [
              "apa yang dimaksud dengan manfaat penelitian?",
              "apa itu manfaat penelitian",
              "manfaat penelitian yaitu",
              "manfaat penelitian adalah"
            ],
            "responses": [
              "Manfaat penelitian adalah kontribusi yang dihasilkan setelah penelitian selesai dilakukan. Manfaat penelitian terdiri atas dua, yaitu manfaat teoretis dan manfaat praktis. Manfaat teoretis adalah untuk pengembangan ilmu pengetahuan sedangkan manfaat praktis adalah untuk penyelesaian masalah yang ada di lapangan."
            ],
            "context_set": ""
          },
          {
            "tag": "pengertian_telaah_pustaka",
            "patterns": [
            "Apa yang harus diuraikan dalam telaah pustaka?"
            ],
            "responses": [
                "Deskripsi detail dari suatu objek permasalahan yang dikaji beserta sumber literatur yang mendukungnya. b. Uraian terkait teori, metode, teknik, atau cara- cara yang digunakan dalam tiap- tiap tahapan yang terkait dalam pelaksanaan penelitian. c. Uraian yang dituliskan tidak bersifat definitive yang hanya menjelaskan apa arti  atau maksud dari suatu objek, model, teori, metode. Uraian yang bersifat definitif  tuliskan dalam daftar istilah. Biasanya uraian yang bersifat definitif yang dimaksud  di sini adalah uraian terkait suatu objek, model, teori, metode yang hanya dideskripsikan sepanjang satu atau dua paragraf saja. d. Uraian telaah pustaka diperoleh dari berbagai sumber kepustakaan/referensi yang bisa dipertanggung jawabkan secara ilmiah."
            ],
            "context_set": ""
        },
        {
            "tag": "deskripsi_telaah_pustaka",
            "patterns": [
            "Apakah deskripsi suatu objek/teori boleh ditambahkan untuk melengkapi telaah pustaka"
            ],
            "responses": [
            "Hanya yang terkait dengan penyelesaian rumusan masalah dan terkait dengan objek/teori yang dikaji dalam tahapan-tahapan  yang dijelaskan dalam metodologi penelitian."
            ],
            "context_set": ""
        },
        {
            "tag": "pengertian_hipotesis",
            "patterns": [
            "Apa itu hipotesis/argumen utama?"
            ],
            "responses": [
            "Berisi berbagai teori, argumentasi dan hasil-hasil penelitian terdahulu yang relevan."
            ],
            "context_set": ""
        },
        {
          "tag": "fungsi_hipotesis",
          "patterns": [
          "Apa itu fungsi hipotesis?",
          "kegunaan hipotesis"
          ],
          "responses": [
          "Sebagai pedoman dalam pengumpulan data",
          "agar penelitian lebih terarah"
          ],
          "context_set": ""
        },
        {
            "tag": "ciri_hipotesis",
            "patterns": [
            "Apa ciri hipotesis/argumen utama yang baik?"    
            ],
            "responses": [
                "Hipotesis/argumen utama yang baik adalah yang secara eksplisit dan ringkas menjadi jawaban sementara dari pertanyaan penelitian yang diajukan. Juga, ia mencerminkan kerapian penggunaan kerangka konseptual/teoritik."
            ],
            "context_set": ""
        },
        {
            "tag": "hipotesis_penelitian_komparatif",
            "patterns": [
            "Bagaimana jika penelitian merupakan penelitian komparatif maka pengembangan hipotesis berisi apa?"
            ],
            "responses": [
            "Tentang perbandingan antar sampel berdasarkan teori atau hasil penelitian sebelumnya."
            ],
            "context_set": ""
        },
        {
            "tag": "hipotesis_penelitian_korelasional",
            "patterns": [
            "Bagaimana jika penelitian merupakan penelitian bersifat korelasional maupun kausal maka pengembangan hipotesis berisi apa?"
            ],
            "responses": [
            "Perumusan model penelitian berisi hubungan korelasional maupun hubungan kausal antar variable." 
            ], 
            "context_set": ""
        },
        {
            "tag": "tidak_hipotesis",
            "patterns": [
            "Bagaimana jika penelitian tidak menggunakan hipotesis maka bagian pengembangan hipotesis berisi apa?"
            ],
            "responses": [
                "Hanya berisi telaah teori yang relevan untuk menjelaskan permasalahan yang akan dipecahkan melalui penelitian."           
            ],
            "context_set": ""
        },
        {
            "tag": "penjelasan_bab3",
            "patterns": [
            "Apa saja yang harus dimasukkan di bab 3?",
            "Apa itu bab3?",
            "Bab 3 adalah"
            ],
            "responses": [
              "Sub-bab dari bab 3 adalah Desain Penelitian, Definisi Konseptual dan Operasional Variabel, dan Teknik Analisis Data"
            ],
            "context_set": ""
        },
        {
            "tag": "penjelasan_penelitian",
            "patterns": [
              "Apa itu penelitian?"
            ],
            "responses": [
              "Penelitian merupakan suatu kegiatan secara sistematik yang bertujuan untuk menyediakan informasi untuk memecahkan permasalahan (Cooper and Emory, 1995)",
              "Menurut Soetrisno Hadi, pengertian penelitian adalah suatu usaha dalam menemukan segala sesuatu untuk mengisi kekosongan atau kekurangan yang ada, menggali lebih dalam apa yang telah ada, mengembangkan dan memperluas, serta menguji kebenaran dari apa yang telah ada namun kebenarannya masih diragukan", 
              "Menurut Donald Ary, pengertian penelitian adalah penerapan dari pendekatan ilmiah pada suatu pengkajian masalah dalam memperoleh informasi yang berguna dan hasil yang dapat dipertanggungjawabkan"
            ],
            "context_set": ""
        },
        {
            "tag": "jenis_penelitian",
            "patterns": [
              "Apa saja jenis penelitian berdasarkan tujuan",
              "Jenis penelitian"
            ],
            "responses": [
              "penelitian eksploratif, penelitian pengembangan, dan penelitian verivikatif."
            ],
            "context_set": ""
        },
        {
            "tag": "metodologi_penelitian",
            "patterns": [
            "Apa itu metodologi penelitian",
            "metodologi penelitian"
            ],
            "responses": [
            "Metodologi penelitian” berasal dari kata “Metode” yang artinya cara yang tepat untuk melakukan sesuatu; dan “Logos” yang artinya ilmu atau pengetahuan. Jadi, metodologi artinya cara melakukan sesuatu dengan menggunakan pikiran secara saksama untuk mencapai suatu tujuan"
            ],
            "context_set": ""
        },
        {
            "tag": "desain_penelitian",
            "patterns": [
            "Apa yang dimaksud desain penelitian",
            "desain penelitian"
            ],
            "responses": [
            "Desain penelitian adalah suatu pedoman kerja dalam melakukan penelitian dengan tujuan agar penelitian berjalan efektif dan efisien (Suliyanto, 2016)",
             "Menurut Silaen desain penelitian adalah desain mengenai keseluruhan proses yang diperlukan dalam perencanaan dan pelaksanaan penelitian"
            ],
            "context_set": ""
        },
        {
            "tag": "penelitian_kuantitatif",
            "patterns": [
            "Apa yang dimaksud dengan penelitian kuantitatif",
            "penelitian kuantitatif"
            ],
            "responses": [
            "Penelitian kuantitatif adalah penelitian yang berlandaskan pada filsafat positivisme, digunakan untuk meneliti pada populasi atau sampel tertentu, teknik pengambilan sampel pada umumnyadilakukan secara random, pengumpulan data menggunakan intrumen penelitian, analisis data bersifat kuantitatif/statistik dengan tujuan menguji hipotesis yang telah ditetapkan."
            ],
            "context_set": ""
        },
        {
            "tag": "penelitian_kualitatif",
            "patterns": [
            "Apa yang dimaksud dengan penelitian kualitatif",
            "penelitian_kualitatif"
            ],
            "responses": [
            "Penelitian kualitatif adalah penelitian yang berlandaskan pada filsafat postpositivisme,digunakan untuk meneliti kondisi obyek alamiah, (sebagai lawannya adalah eksperimen)dimana peneliti sebagai instrumen kunci, pengambilan sampel sumber data dilakukansecara purposive dan snowbaal, teknik pengumpulan dengan trianggulasi (gabungan), analisisdata bersifat induktif/kualitatif, dan hasil penelitian kualitatif lebih menekankan maknadaripada generalisasi"
            ],
            "context_set": ""
        },
        {
            "tag": "sumber_data",
            "patterns": [
            "Klasifikasi sumber data berdasarkan teknik pengambilannya?",
            "klasifikasi sumber data"
            ],
            "responses": [
            "Sumber data primer dan sumber data sekunder"
            ],
            "context_set": ""
        },
        {
          "tag": "pengertian_data_cross_section",
          "patterns": [
            "pengertian data cross section",
            "apa itu data cross section"
          ],
          "responses": [
            "Data cross section adalah jenis / dimensi kumpulan data mengacu pada data yang dikumpulkan dengan mengamati benyak hal (sepert, perorangan perusahaan atau negara / wilayah)"
          ],
          "context_set":""
        },
        {
          "tag": "pengertian_data_primer",
          "patterns": [
            "pengertian data primer",
            "apa itu data primer"
          ],
          "responses": [
            "Data primer adalah jenis data yang dikumpulkan secara langsung dari sumber utamanya seperti melalui wawancara, survei, eksperimen, dan sebagainya"
          ],
          "context_set":""
        },
        {
          "tag": "pengertian_data_sekunder",
          "patterns": [
            "pengertian data sekunder",
            "apa itu data sekunder"
          ],
          "responses": [
            "Data sekunder merupakan data dan sumber data yang diperoleh dari sumber kedua atau sumber yang tidak langsung memberikan data kepada pengumpul data, seperti dokumen,hasil wawancara dengan pihak kedua, dan hasil penelitian terdahulu yang dijadikan pembanding atau rujukan oleh peneliti"
          ],
          "context_set":""
        },
        {
            "tag": "populasi_data",
            "patterns": [
            "Apa yang dimaksud populasi",
            "populasi adalah"
            ],
            "responses": [
            "Populasi adalah keseluruhan objek penelitian baik terdiri dari benda yang nyata, abstrak, peristiwa ataupun gejala yang merupakan sumber data dan memiliki karakter tertentu dan sama, Menurut Netra (1976), Populasi adalah keseluruhan individu yang bersifat general atau umum yang mempunyai karakteristik yang cenderung sama, Menurut Morissan (2012: 19), Populasi ialah sebagai suatu kumpulan subjek, variabel, konsep, atau fenomena. Kita dapat meneliti setiap anggota populasi untuk mengetahui sifat populasi yang bersangkutan"
            ],
            "context_set": ""
        },
        {
            "tag": "sampel",
            "patterns": [
            "Apa yang dimaksud sampel",
            "sampel adalah"
            ],
            "responses": [
            "Sugiyono (2008: 118), Sampel adalah suatu bagian dari keseluruhan serta karakteristik yang dimiliki oleh sebuah Populasi", 
            "Arikunto (2006: 131), Sampel adalah sebagian atau sebagai wakil populasi yang akan diteliti. Jika penelitian yang dilakukan sebagian dari populasi maka bisa dikatakan bahwa penelitian tersebut adalah penelitian sampel", 
            "Nana Sudjana dan Ibrahim (2004: 85), Sampel adalah sebagian dari populasi yang dapat dijangkau serta memiliki sifat yang sama dengan populasi yang diambil sampelnya tersebut."
            ],
            "context_set": ""
        },
        {
            "tag": "teknik_sampel",
            "patterns": [
            "Sebut jenis-jenis teknik pengambilan sampel?",
            "teknik pengambilan sampel",
            "pengambilan sampel",
            "teknik sampel"
            ],
            "responses": [
            "Simple Random Sampling, Systematic Random Sampling, Stratified Random Sampling, Cluster Random Sampling, Multi Stage Sampling"
            ],
            "context_set": ""
        },
        {
          "tag":"simple_random_sampling",
          "patterns": [
            "pengertian Simple Random Sampling",
            "apa Simple Random Sampling",
            "definisi Simple Random Sampling"
          ],
          "responses": [
            "teknik simple random sampling adalah teknik pengambilan sampel dari anggota populasi yang dilakukan secara acak tanpa memperhatikan strata yang ada dalam populasi itu"
          ],
          "context_set": ""
        },
        {
          "tag":"accidental_sampling",
          "patterns": [
            "pengertian accidental sampling",
            "apa accidental sampling",
            "definisi accidental sampling"
          ],
          "responses": [
            "Teknik accidental sampling merupakan teknik penentuan sampel berdasarkan kebetulan, yaitu siapa saja yang secara kebetulan bertemu dengan peneliti dapat digunakan sebagai sampel"
          ],
          "context_set": ""
        },
        {
          "tag":"stratified_random _sampling",
          "patterns": [
            "pengertian Stratified Random Sampling",
            "apa Stratified Random Sampling",
            "definisi Stratified Random Sampling"
          ],
          "responses": [
            "teknik stratified random sampling adalah penarikan sampel acak terstruktur dilakukan dengan membagi anggota populasi dalam beberapa sub kelompok yang disebut strata, lalu suatu sampel dipilih dari masing-masing stratum"
          ],
          "context_set": ""
        },
        {
          "tag":"cluster_random _sampling",
          "patterns": [
            "pengertian Cluster Random Sampling",
            "apa Cluster Random Sampling",
            "definisi cluster Random Sampling"
          ],
          "responses": [
            "teknik cluster random sampling adalah  suatu jenis teknik sampling dimana seorang peneliti membagi populasi menjadi beberapa kelompok yang terpisah yang disebut sebagai cluster."
          ],
          "context_set": ""
        },
        {
          "tag":"snowball_sampling",
          "patterns": [
            "pengertian snowball Sampling",
            "apa snowball Sampling",
            "definisi snowball Sampling"
          ],
          "responses": [
            "Snowball Sampling atau pengambilan sampel rujukan berantai didefinisikan sebagai teknik pengambilan sampel non-probabilitas di mana sampel memiliki sifat yang jarang ditemukan"
          ],
          "context_set": ""
        },
        {
          "tag":"purposive_Sampling",
          "patterns": [
            "pengertian purposive sampling",
            "apa purposive sampling",
            "definisi purposive sampling"
          ],
          "responses": [
            "Purposive sampling adalah teknik penentuan sampel dengan pertimbangan tertentu"
          ],
          "context_set": ""
        },
        {
            "tag": "variabel_penelitian",
            "patterns": [
            "Apa yang dimaksud dengan variabel",
            "variabel adalah"
            ],
            "responses": [
            "Kerlinger (2000) berpendapat bahwa variabel adalah simbol atau lambang yang di dalamnya diletakkan bilangan atau nilai", 
            "Sevilla (1997) mendefinisikan variabel sebagai suatu karakteristik yang memiliki dua atau lebih nilai atau sifat yang berdiri sendiri."
            ],
            "context_set": ""
        },
        {
          "tag":"variabel_dependen",
          "patterns": [
            "apa yang dimaksud variabel dependen",
            "variabel dependen adalah"
          ],
          "responses": [
            "variabel dependen merupakan variabel yang dipengaruhi atau yang menjadi akibat, karena adanya variabel bebas"
          ],
          "context_set": ""
        },
        {
          "tag":"variabel_independen",
          "patterns": [
            "apa yang dimaksud variabel independen",
            "pengertian variabel moderasi",
            "variabel independen adalah"
          ],
          "responses": [
            "Variabel independen adalah variabel yang mempengaruhi variabel dependen baik pengaruh positif atau pengaruh negatif"
          ],
          "context_set": ""
        },
        {
          "tag":"variabel_moderasi",
          "patterns": [
            "apa yang dimaksud variabel moderasi",
            "pengertian variabel moderasi",
            "variabel moderasi adalah"
          ],
          "responses": [
            "Variabel moderasi (moderating variable) adalah variabel yang memperlemah atau memperkuat hubungan atau dampak dari hubungan antara variabel independen dan dependen."
          ],
          "context_set": ""
        },
        {
          "tag":"variabel_intervenning",
          "patterns": [
            "apa yang dimaksud variabel intervenning",
            "pengertian variabel intervenning",
            "variabel intervenning adalah"
          ],
          "responses": [
            "Variabel intervenning disebut juga variabel mediasi yaitu variabel antara yang menghubungkan variabel independen terhadap variabel dependen"
          ],
          "context_set": ""
        },
        {
          "tag":"variabel_kontrol",
          "patterns": [
            "apa yang dimaksud variabel kontrol",
            "pengertian variabel kontrol",
            "variabel kontrol adalah"
          ],
          "responses": [
            "Variabel kontrol merupakan variabel yang dikendalikan sehingga pengaruh variabel bebas terhadap variabel terikat tidak dipengaruhi oleh faktor luar yang tidak diteliti"
          ],
          "context_set": ""
        },
        {
            "tag": "metode_pengumpulan_data",
            "patterns": [
            "apa saja metode pengumpulan data",
            "metode pengumpulan data"
            ],
            "responses": [
            "observasi, wawancara, dan kuesioner"
            ],
            "context_set": ""
        },
        {
          "tag": "wawancara",
          "patterns": [
          "Apa yang dimaksud wawancara",
          "pengertian wawancara"
          ],
          "responses": [
          "Wawancara merupakan teknik pengambilan data dengan cara peneliti berdialog langsung dengan responden untuk menggali informasi"
          ],
          "context_set": ""
        },
        {
          "tag": "observasi",
          "patterns": [
          "Apa yang dimaksud observasi",
          "pengertian observasi"
          ],
          "responses": [
          "Observasi merupakan teknik pengumpulan data secara langsung dengan menggunakan indra (Suliyanto, 2018)"
          ],
          "context_set": ""
        },
        {
          "tag": "kuisioner",
          "patterns": [
          "Apa yang dimaksud kuisioner",
          "pengertian kuisioner"
          ],
          "responses": [
          "Menurut Suliyanto (2018), kuesioner merupakan pengumpulan data yang dilakukan dengan cara membagi daftar pertanyaan kepada responden dengan tujuan responden dapat memberikan jawaban"
          ],
          "context_set": ""
        },
        {
            "tag": "definisi_operasional",
            "patterns": [
            "Apa yang dimaksud definisi operasional",
            "pengertian definisi operasional"
            ],
            "responses": [
            "Definisi Operasional adalah definisi yang bersifat abstrak guna memudahkan pengukuran suatu variabel."
            ],
            "context_set": ""
        },
        {
            "tag": "definisi_konsep",
            "patterns": [
            "Apa yang dimaksud definisi konsep",
            "pengertian definisi konsep"
            ],
            "responses": [
            "Definisi konseptual adalah definisi variabel berdasarkan teori"
            ],
            "context_set": ""
        },
        {
          "tag": "fungsi_tinjauan_pustaka",
          "patterns": [
          "Apa itu fungsi tinjauan pustaka?",
          "kegunaan tinjauan pustaka"
          ],
          "responses": [
          "untuk mengkaji sejarah permasalahan",
          "untuk membantu pemilihan prosedur penelitian",
          "untuk mendalami landasan teori yang berkaitan dengan permasalahan"
          ],
          "context_set": ""
        },
        {
            "tag": "landasan_teori",
            "patterns": [
                "pengertian landasan teori",
                "apa itu landasan teori",
                "landasan teori adalah"
            ],
            "responses": [
                "landasan teori adalah alur logika atau penalaran yang merupakan seperangkat konsep, definisi, dan proporsi yang disusun secara sistematis"
            ]
        },
        {
          "tag": "alat_analisis",
          "patterns": [
            "sebutkan alat analisis",
            "alat analisis"
          ],
          "responses": [
            "regresi linear berganda",
            "analisis jalur",
            "regresi logistik",
            "uji beda rata-rata"
          ],
          "context_set": ""
        },
        {
          "tag": "analisis_jalur",
          "patterns": [
            "apa itu analisis jalur",
            "pengertian analisis jalur"
          ],
          "responses": [
            "analisis jalur adalah alat analisis yang digunakan untuk menganalisis hubungan kausal antar variabel dengan tujuan mengetahui pengaruh langsung dan tidak langsung variabel"
          ],
          "context_set": ""
        }, 
        {
          "tag": "analisis_regresi_linear_berganda",
          "patterns": [
            "apa itu analisis regresi linear berganda",
            "pengertian analisis regresi linear berganda"
          ],
          "responses": [
            "analisis regresi linear berganda adalah analisis regresi yang digunakan untuk memprediksi satu variabel tergantung berdasarkan dua atau lebih variabel bebas"
          ],
          "context_set": ""
        },        
        {
          "tag": "uji_multikolineritas",
          "patterns": [
            "apa itu uji multikolineritas",
            "pengertian uji multikolineritas",
            "uji multikolineritas adalah"
          ],
          "responses": [
            "uji multikolineritas adalah alat untuk menguji apakah dalam model regresi yang terbentuk ada korelasi tinggi anatara variabel bebas atau tidak"
          ],
          "context_set": ""
        },
        {
          "tag": "uji_normalitas",
          "patterns": [
            "apa itu uji normalitas",
            "pengertian uji normalitas",
            "uji normalitas adalah"
          ],
          "responses": [
            "uji normalitas adalah alat untuk menguji apakah nilai residual yang telah distandarisasi pada model regresi berdistribusi normal atau tidak"
          ],
          "context_set": ""
        },
        {
          "tag": "uji_otokorelasi",
          "patterns": [
            "apa itu uji otokorelasi",
            "pengertian uji otokorelasi",
            "uji otokorelasi adalah"
          ],
          "responses": [
            "uji multikolineritas adalah alat untuk menguji apakah ada korelasi antar anggota data yang diuraikan dalam bentuk time series dan cross section"
          ],
          "context_set": ""
        },
        {
          "tag": "koefisien_determinasi",
          "patterns": [
            "apa itu koefisien determinasi",
            "pengertian koefisien determinasi",
            "koefisien determinasi adalah"
          ],
          "responses": [
            "koefisien determinasi adalah uji statistik yang digunakan untuk mengukur seberapa besar proporsi variasi variabel dependen dijelaskan oleh semua variabel independen"
          ],
          "context_set": ""
        },
        {
          "tag": "uji_F",
          "patterns": [
            "apa itu uji F",
            "pengertian uji F",
            "uji F adalah"
          ],
          "responses": [
            "Uji F adalah uji statistik yang digunakan untuk menganalisis pengaruh seluruh variabel independen terhadap variabel dependen"
          ],
          "context_set": ""
        },
        {
            "tag": "ketentuan_kertas",
            "patterns": [
            "Bagaimana ketentuan kertas yang digunakan dalam skripsi di FEB Unsoed",
            "ketentuan kertas skripsi FEB Unsoed",
            "ketentuan kertas"
            ],
            "responses": [
            "Kertas yang digunakan untuk membuat naskah Skripsi FEB Unsoed adalah kertas HVS ukuran kuarto (A4) dengan berat 80 gram dan tidak dicetak bolak balik."
            ],
            "context_set": ""
        },
        {
            "tag": "ketentuan_margin",
            "patterns": [
            "Bagaimana ketentuan margin yang digunakan dalam penulisan skripsi di FEB Unsoed",
            "ketentuan margin skripsi FEB Unsoed",
            "ketentuan margin"
            ],
            "responses": [
            "Pias atau margin adalah bagian kertas yang dikosongkan pada sisi kiri, kanan, atas, dan bawah. Pias kiri dan atas adalah 4 cm, dan pias kanan dan bawah 3 cm."
            ],
            "context_set": ""
        },
        {
            "tag": "ketentuan_spasi",
            "patterns": [
            "Bagaimana ketentuan spasi yang digunakan dalam penulisan skripsi di FEB Unsoed",
            "ketentuan spasi skripsi FEB Unsoed",
            "ketentuan spasi"
            ],
            "responses": [
            "Jarak antara baris yang satu dengan baris yang lain dalam skripsi adalah dua spasi. Spasi untuk menulis kutipan langsung yang lebih dari empat baris adalah satu spasi. Jarak antara judul bab dan judul pasal/anak bab adalah empat spasi, antara judul pasal dengan uraian dan antara akhir uraian dengan judul pasal adalah tiga spasi. Selanjutnya, antara judul ayat dengan uraian sebelum dan sesudahnya ditulis dua spasi"
            ],
            "context_set": ""
        },
        {
          "tag": "mendeley",
          "patterns": [
            "pengertian mendeley",
            "mendeley adalah"
          ],
          "responses": [
            "mendeley adalah aplikasi yang digunakan untuk membuat sitasi"
          ],
          "context_set": ""
        },
        {
            "tag": "ketentuan_sampul",
            "patterns": [
            "Bagaimana ketentuan sampul yang digunakan dalam penulisan skripsi di FEB Unsoed",
            "ketentuan sampul skripsi FEB Unsoed",
            "ketentuan sampul"
            ],
            "responses": [
            "Sampul dibuat dari kertas Buffalo, atau yang sejenis dan sebaiknya diperkuat dengan karton dan dilapisi dengan plastik (dilaminating). Tulisan yang tercetak pada sampul sama dengan yang terdapat pada halaman judul"
            ],
            "context_set": ""
        },
        {
            "tag": "ketentuan_judul",
            "patterns": [
            "Bagaimana ketentuan judul bab yang digunakan dalam penulisan skripsi di FEB Unsoed",
            "ketentuan judul skripsi FEB Unsoed",
            "ketentuan judul"
            ],
            "responses": [
            "Judul bab ditulis simetris ditengah-tengah kertas, ditebalkan dan ditulis dengan huruf besar (kapital). Judul ditulis dengan jarak 4 cm dari tepi atas kertas tanpa diakhiri dengan titik"
            ],
            "context_set": ""
        },
        {
            "tag": "ketentuan_judul_subbab",
            "patterns": [
            "Bagaimana ketentuan judul subbab yang digunakan dalam penulisan skripsi di FEB Unsoed",
            "ketentuan judul subbab skripsi FEB Unsoed",
            "ketentuan judul subbab"
            ],
            "responses": [
            "Judul subbab mulai diketik dari tepi kiri. Judul ditulis dengan gaya penulisan judul headline style, yaitu semua kata dimulai dengan huruf besar (kapital), kecuali kata penghubung dan kata depan, dan semua kata dicetak tebal tanpa diakhiri dengan titik"
            ],
            "context_set": ""
        },
        {
            "tag": "ketentuan_judul_anak_subbab",
            "patterns": [
            "Bagaimana ketentuan judul anak subbab yang digunakan dalam penulisan skripsi di FEB Unsoed",
            "ketentuan judul anak subbab skripsi FEB Unsoed",
            "ketentuan judul anak subbab"
            ],
            "responses": [
            "Judul anak subbab diketik dari tepi kiri. Judul ditulis dengan gaya penulisan judul sentence style, yaitu awal kata pertama ditulis dengan huruf besar (kapital) dan awal dari kata-kata selanjutnya ditulis dengan huruf kecil. Semua kata dicetak tebal tanpa diakhiri dengan titik"
            ],
            "context_set": ""
        },
        {
            "tag": "ketentuan_paragraf",
            "patterns": [
            "Bagaimana ketentuan paragraf yang digunakan dalam penulisan skripsi di FEB Unsoed",
            "ketentuan paragraf skripsi FEB Unsoed",
            "ketentuan paragraf"
            ],
            "responses": [
            "Bentuk penulisan paragraf terdiri atas bentuk bertakuk (indented style). Paragraf bentuk bertakuk ditulis mulai ketukan delapan dari garis margin kiri. Bentuk penulisan paragraf bertakuk lazim digunakan dalam karangan ilmiah. Penulisan paragraf pada akhir halaman minimal dua baris. Jika hanya satu baris, lebih baik baris tersebut dimasukkan pada halaman berikutnya"
            ],
            "context_set": ""
        },
        {
            "tag": "ketentuan_bentuk_kalimat",
            "patterns": [
            "Bagaimana ketentuan bentuk kalimat yang digunakan dalam penulisan skripsi di FEB Unsoed",
            "ketentuan bentuk kalimat skripsi FEB Unsoed",
            "ketentuan bentuk kalimat"
            ],
            "responses": [
            "Kalimat-kalimat tidak boleh menampilkan sudut pandang orang pertama atau orang kedua (saya, aku, kita, engkau, dan lain-lainnya). Pada penyajian ucapan terima kasih didalam kata pengantar, kata saya diganti dengan penulis"
            ],
            "context_set": ""
        },
        {
            "tag": "ketentuan_kutipan",
            "patterns": [
            "Bagaimana ketentuan kutipan yang digunakan dalam penulisan skripsi di FEB Unsoed",
            "ketentuan kutipan skripsi FEB Unsoed",
            "ketentuan kutipan subbab"
            ],
            "responses": [
            "Jika nama pengarang ditulis sebelum kutipan, yang ditulis dalam tanda kurung adalah tahun penerbitan dan nomor halaman, sedangkan setelah nama pengarang tidak diberi tanda koma. Apabila pengarang lebih dari tiga orang, maka yang ditulis adalah nama belakang pengarang pertama diikuti dengan tulisan et al"
            ],
            "context_set": ""
        },
        {
            "tag":"contoh_kutipan_langsung",
            "patterns":[
                "contoh kutipan langsung"
            ],
            "responses": [
                "Indriantoro (2002:23) menyatakan, “Penelitian deduktif adalah penelitian yang berjuan untuk menguji (testing) hipotesis melalui validasi teori atau pengujian aplikasi dan teori pada keadaan tertentu”"
            ],
            "context_set": ""
        },
        {
            "tag":"contoh_kutipan_tidak_langsung",
            "patterns":[
                "contoh kutipan tidak langsung"
            ],
            "responses": [
                "Setyadi (2008:10) menyatakan bahwa pembelajaran organisasional akan mendorong inovasi teknis dan inovasi administratif..",
                "Pembelajaran organisasional adalah..... (Setyadi dan Ghanafi, 2008:10)"
            ],
            "context_set": ""
        },
        {
            "tag": "penjelasan_bab4",
            "patterns": [
            "Apa saja yang harus dimasukkan di bab 4?",
            "Apa itu bab4?",
            "Bab 4 adalah"
            ],
            "responses": [
            "Sub-bab dari bab 4 adalah Deskripsi Data Penelitian, Analisis Data, dan Pembahasan"
            ],
            "context_set": ""
        },
        {
            "tag": "penjelasan_deskripsi_data",
            "patterns": [
              "Apa saja yang harus dimasukkan di deskripsi data penelitian?"
            ],
            "responses": [
              "Deskripsi data penelitian berisi tentang gambaran secara umum mengenai penyebaran data yang diperoleh di lapangan. Data yang disajikan berupa data mentah yang diolah menggunakan teknik statistik deskripsi."
            ],
            "context_set": ""
        },
        {
            "tag": "penjelasan_analis_data",
            "patterns": [
              "Apa saja yang harus dimasukkan di analisis data?",
              "Apa itu analisis data",
              "Analisis data adalah"
            ],
            "responses": [
              "Analisis data berisi hasil analisis untuk menjawab masalah penelitian yang diajukan. Uraian analisis juga berisi interprestasi dari output olah data yang dihasilkan."
            ],
            "context_set": ""
        },
        {
            "tag": "tips_analis_data",
            "patterns": [
              "Apa tips mengerjakan analisis data?",
              "tips mengerjakan analisis data",
              "bagaimana menulis analisis data"
            ],
            "responses": [
              "1. Hindari menganalisis hasil Anda di bagian analisis data, 2. Tunjukkan apakah penelitian Anda kuantitatif atau kualitatif, 3. Berikan pertanyaan penelitian utama Anda dan metode analisis yang diterapkan untuk menjawabnya, 4. Laporkan perangkat lunak apa yang Anda gunakan untuk mengumpulkan dan menganalisis data Anda, 5. Buat daftar sumber data, termasuk arsip elektronik dan laporan daring dari berbagai lembaga, 6. Jelaskan bagaimana data dirangkum dan ukuran variabilitas apa yang telah Anda gunakan, 7. Ingatlah untuk menyebutkan transformasi data jika ada, termasuk normalisasi data, 8. Pastikan Anda memasukkan secara lengkap nama uji statistik yang digunakan, 9. Jelaskan teknik grafis yang digunakan untuk menganalisis data mentah dan hasilnya"
            ],
            "context_set": ""
        },
        {
            "tag": "penjelasan_pembahasan",
            "patterns": [
              "Apa saja yang harus dimasukkan di pembahasan?",
              "Apa itu pembahasan?",
              "Pembahasan adalah",
              "Pembahasan yaitu"
            ],
            "responses": [
              "Pembahasan berisi perbandingan hasil penelitian dengan teori maupun hasil penelitian sebelumnya untuk mengarahkan pada simpulan. Dalam pembahasan diuraikan alasan terjadi perbedaan atau persamaan dengan teori maupun penelitian sebelumnya."
            ],
            "context_set": ""
        },
        {
            "tag": "tips_bab4",
            "patterns": [
              "Adakah tips dan trick mengerjakan bab 4?"
            ],
            "responses": [
              "1. Tidak mengulangi informasi dari bagian hasil dan pendahuluan, 2. Hubungkan hasil dengan tujuan penelitian, 3. Tunjukkan bagaimana hasilnya setuju atau tidak setuju dengan literatur yang diterbitkan sebelumnya, 4. Tunjukkan pentingnya hasil, 5. Sarankan penelitian lanjutan yang direncanakan"
            ],
            "context_set": ""
        },
        {
            "tag": "penjelasan_bab5",
            "patterns": [
              "Apa saja yang harus dimasukkan bab 5?"
            ],
            "responses": [
              "Bab lima menurut buku panduan penulisan skripsi Universitas Jenderal Soedirman terdiri dari simpulan, implikasi, dan keterbatasan penelitian."
            ],
            "context_set": ""
        },
        {
            "tag": "penjelasan_simpulan",
            "patterns": [
              "Apa itu simpulan ?"
            ],
            "responses": [
              "Simpulan merupakan pernyataan singkat dan akurat yang disajikan dari hasil pembahasan. Kesimpulan bukan sekedar hasil penelitian yang ditulis ulang, tetapi makna yang dapat ditarik dari hasil penelitian. Simpulan yang baik menjawab permasalahan dan tujuan penelitian yang telah disusun."
            ],
            "context_set": ""
        },
        {
            "tag": "penjelasan_implikasi",
            "patterns": [
              "Apa itu implikasi ?"
            ],
            "responses": [
              "Implikasi ditulis berdasarkan pada simpulan yang telah disusun. Implikasi terdiri dari implikasi praktis yang berisi tentang tindakan praktis atau rekomendasi untuk melakukan perbaikan yang relevan dengan hasil penelitian."
            ],
            "context_set": ""
        },
        {
            "tag": "penjelasan_keterbatasan",
            "patterns": [
              "Apa itu keterbatasan penelitian?"
            ],
            "responses": [
              "Keterbatasan penelitian adalah hal-hal yang terjadi selama penelitian dan tidak dapat diantisipasi oleh peneliti atau hal-hal yang sudah direncanakan dalam penelitian tetapi tidak dapat dilaksanakan dengan baik. Keterbatasan penelitian menjadi dasar untuk rekomendasi atau saran penelitian selanjutnya."
            ]
        },
        {
            "tag": "tips_bab5",
            "patterns": [
              "Bagaimana langkah menulis bab lima 5?"
            ],
            "responses": [
              "1. Penulis menguraikan garis besar permasalahan dan kemudian memberi ringkasan tentang segala sesuatu yang telah diuraikan pada bab-bab sebelumnya, 2. Penulis harus menghubungkan setiap kelompok data dengan permasalahan untuk sampai pada kesimpulan tertentu., 3. Menyusun kesimpulan adalah menjelaskan mengenai arti dan akibat-akibat tertentu dari kesimpulan-kesimpulan itu secara teoritik maupun praktis."
            ],
            "context_set": ""
        },
        {
          "tag": "quote_skripi",
          "patterns":[
            "kata motivasi skripsi",
            "quote skripsi",
            "bikin semangat"
          ],
          "responses": [
            "Skripsi tidak akan selesai apabila kamu hanya memikirkannya. Ayo take action. Semangaat skripsian",
            "Kejarlah sarjanamu, meski skripsi menghadangmu. Semangat skripsian",
            "Jangan pernah menyerah atas impianmu. Impian memberikan tujuan hidup. Ingatlah, sukses bukan kunci kebahagiaan, kebahagiaanlah kunci untuk sukses.Ganbatte ne"
          ],
          "context_set": ""
        }
    ]
  }